{"cameraMode":{"drawMode":0,"name":"Shaded","section":"Shading Mode"},"sceneLighting":false,"audioPlay":false,"sceneViewState":{"m_AlwaysRefresh":false,"showFog":true,"showSkybox":false,"showFlares":true,"showImageEffects":true,"showParticleSystems":true,"showVisualEffectGraphs":true,"m_FxEnabled":true},"in2DMode":false,"pivot":{"x":0.023213613778352739,"y":1.2863305807113648,"z":-0.33220821619033816},"rotation":{"x":0.13875345885753632,"y":0.25250303745269778,"z":-0.03661390766501427,"w":0.9568963646888733},"size":1.7596304416656495,"orthographic":true}