{"cameraMode":{"drawMode":0,"name":"Shaded","section":"Shading Mode"},"sceneLighting":false,"audioPlay":false,"sceneViewState":{"m_AlwaysRefresh":false,"showFog":true,"showSkybox":false,"showFlares":true,"showImageEffects":true,"showParticleSystems":true,"showVisualEffectGraphs":true,"m_FxEnabled":true},"in2DMode":false,"pivot":{"x":1.9535435438156129,"y":-0.2083536684513092,"z":-0.014124248176813126},"rotation":{"x":0.13895723223686219,"y":-0.3238872289657593,"z":0.04815579578280449,"w":0.9345983266830444},"size":1.8657770156860352,"orthographic":true}