{"cameraMode":{"drawMode":0,"name":"Shaded","section":"Shading Mode"},"sceneLighting":false,"audioPlay":false,"sceneViewState":{"m_AlwaysRefresh":false,"showFog":true,"showSkybox":false,"showFlares":true,"showImageEffects":true,"showParticleSystems":true,"showVisualEffectGraphs":true,"m_FxEnabled":true},"in2DMode":false,"pivot":{"x":0.9999995231628418,"y":0.27500003576278689,"z":-1.1920928955078126e-7},"rotation":{"x":0.16936969757080079,"y":-0.31880778074264529,"z":0.05801333859562874,"w":0.9307578206062317},"size":0.8660253882408142,"orthographic":true}