{"cameraMode":{"drawMode":0,"name":"Shaded","section":"Shading Mode"},"sceneLighting":false,"audioPlay":false,"sceneViewState":{"m_AlwaysRefresh":false,"showFog":true,"showSkybox":false,"showFlares":true,"showImageEffects":true,"showParticleSystems":true,"showVisualEffectGraphs":true,"m_FxEnabled":true},"in2DMode":false,"pivot":{"x":10.00378704071045,"y":0.3716474175453186,"z":0.0018365979194641114},"rotation":{"x":0.16738243401050569,"y":-0.19497887790203095,"z":0.033790718764066699,"w":0.9658290147781372},"size":0.8660253882408142,"orthographic":false}