{"cameraMode":{"drawMode":0,"name":"Shaded","section":"Shading Mode"},"sceneLighting":false,"audioPlay":false,"sceneViewState":{"m_AlwaysRefresh":false,"showFog":true,"showSkybox":false,"showFlares":true,"showImageEffects":true,"showParticleSystems":true,"showVisualEffectGraphs":true,"m_FxEnabled":true},"in2DMode":false,"pivot":{"x":-0.09554815292358399,"y":0.9517039656639099,"z":0.0716017484664917},"rotation":{"x":0.03649825230240822,"y":0.9627810716629028,"z":-0.16923443973064423,"w":0.20762215554714204},"size":1.4613409042358399,"orthographic":true}