{"cameraMode":{"drawMode":0,"name":"Shaded","section":"Shading Mode"},"sceneLighting":false,"audioPlay":false,"sceneViewState":{"m_AlwaysRefresh":false,"showFog":true,"showSkybox":false,"showFlares":true,"showImageEffects":true,"showParticleSystems":true,"showVisualEffectGraphs":true,"m_FxEnabled":true},"in2DMode":false,"pivot":{"x":-2.384185791015625e-7,"y":0.505781888961792,"z":-2.384185791015625e-7},"rotation":{"x":0.16738243401050569,"y":-0.19497887790203095,"z":0.033790718764066699,"w":0.9658290147781372},"size":1.1093488931655884,"orthographic":false}