{"cameraMode":{"drawMode":0,"name":"Shaded","section":"Shading Mode"},"sceneLighting":false,"audioPlay":false,"sceneViewState":{"m_AlwaysRefresh":false,"showFog":true,"showSkybox":false,"showFlares":true,"showImageEffects":true,"showParticleSystems":true,"showVisualEffectGraphs":true,"m_FxEnabled":true},"in2DMode":false,"pivot":{"x":-0.5716502666473389,"y":-0.22061657905578614,"z":2.0214083194732668},"rotation":{"x":0.2056085169315338,"y":-0.16122287511825562,"z":0.034363504499197009,"w":0.9646523594856262},"size":0.7771735191345215,"orthographic":false}