{"cameraMode":{"drawMode":0,"name":"Shaded","section":"Shading Mode"},"sceneLighting":false,"audioPlay":false,"sceneViewState":{"m_AlwaysRefresh":false,"showFog":true,"showSkybox":false,"showFlares":true,"showImageEffects":true,"showParticleSystems":true,"showVisualEffectGraphs":true,"m_FxEnabled":true},"in2DMode":false,"pivot":{"x":-0.015392869710922242,"y":0.2673068940639496,"z":-0.012549668550491333},"rotation":{"x":0.16738243401050569,"y":-0.19497887790203095,"z":0.033790718764066699,"w":0.9658290147781372},"size":0.9088349342346191,"orthographic":false}